Timestamp,PM,MA 5,MA 3,MA 7
2013-01-01,15.833333333333334,,,
2013-01-02,18.625,,,
2013-01-03,25.083333333333332,19.847222222222225,,
2013-01-04,85.5,43.06944444444445,,
2013-01-05,61.166666666666664,57.25,41.24166666666667,
2013-01-06,139.95833333333334,95.54166666666669,66.06666666666668,
2013-01-07,146.16666666666666,115.76388888888891,91.575,70.33333333333334
2013-01-08,118.83333333333333,134.98611111111111,110.325,85.04761904761905
2013-01-09,61.916666666666664,108.97222222222224,105.60833333333332,91.23214285714286
2013-01-10,248.29166666666666,143.0138888888889,143.03333333333333,123.1190476190476
2013-01-11,361.25,223.81944444444446,187.29166666666663,162.51190476190476
2013-01-12,568.5652173913044,392.70229468599035,271.77137681159417,234.99741200828154
2013-01-13,416.2608695652174,448.69202898550725,331.256884057971,274.4692028985507
2013-01-14,299.5,428.10869565217394,378.77355072463763,296.3739648033126
2013-01-15,114.95652173913044,276.9057971014493,352.10652173913036,295.82013457556934
2013-01-16,112.0,175.48550724637684,302.25652173913033,302.97489648033127
2013-01-17,75.79166666666667,100.91606280193237,203.70181159420284,278.3320393374741
2013-01-18,276.8333333333333,154.87500000000003,175.81630434782602,266.2725155279503
2013-01-19,189.41666666666666,180.68055555555557,153.79963768115937,212.10843685300202
2013-01-20,107.25,191.1666666666667,152.25833333333327,167.9640269151138
2013-01-21,147.83333333333334,148.1666666666667,159.42499999999993,146.29736024844712
2013-01-22,198.875,151.31944444444454,184.0416666666666,158.2857142857142
2013-01-23,378.0833333333333,241.5972222222223,204.2916666666666,196.29761904761895
2013-01-24,19.416666666666668,198.79166666666674,170.29166666666663,188.2440476190475
2013-01-25,73.95833333333333,157.15277777777786,163.6333333333333,159.26190476190465
2013-01-26,161.375,84.91666666666676,166.34166666666664,155.25595238095227
2013-01-27,312.9583333333333,182.763888888889,189.1583333333333,184.64285714285703
2013-01-28,406.375,293.5694444444445,194.81666666666666,221.57738095238082
2013-01-29,429.7826086956522,383.03864734299526,276.8898550724638,254.56418219461688
2013-01-30,277.9166666666667,371.3580917874397,317.68152173913046,240.25465838509305
2013-01-31,173.5,293.7330917874397,320.10652173913047,262.2665631469978
2013-02-01,34.583333333333336,162.00000000000014,264.43152173913046,256.6415631469978
2013-02-02,49.083333333333336,85.72222222222234,192.9731884057971,240.59989648033113
2013-02-03,188.875,90.84722222222234,144.79166666666666,222.87370600414064
2013-02-04,37.541666666666664,91.83333333333347,96.71666666666664,170.18322981366447
2013-02-05,93.41666666666667,106.61111111111126,80.69999999999997,122.13095238095227
2013-02-06,93.75,74.90277777777793,92.53333333333332,95.82142857142844
2013-02-07,12.666666666666666,66.61111111111126,85.24999999999999,72.84523809523796
2013-02-08,60.333333333333336,55.583333333333464,59.54166666666665,76.52380952380939
2013-02-09,188.58333333333334,87.19444444444457,89.74999999999999,96.45238095238082
2013-02-10,59.833333333333336,102.91666666666679,83.03333333333332,78.01785714285701
2013-02-11,65.29166666666667,104.56944444444457,77.34166666666665,81.98214285714273
2013-02-12,119.125,81.41666666666679,98.63333333333331,85.65476190476178
2013-02-13,315.0416666666667,166.48611111111126,149.575,117.26785714285701
2013-02-14,70.30434782608695,168.157004830918,125.91920289855071,125.50181159420278
2013-02-15,40.541666666666664,141.96256038647357,122.06086956521736,122.67443064182181
2013-02-16,145.375,85.40700483091801,138.07753623188404,116.50181159420276
2013-02-17,124.04166666666667,103.31944444444458,139.06086956521736,125.6744306418218
2013-02-18,22.375,97.26388888888903,80.52753623188401,119.54347826086942
2013-02-19,32.958333333333336,59.7916666666668,73.0583333333333,107.23395445134562
2013-02-20,83.41666666666667,46.250000000000135,81.6333333333333,74.1446687370599
2013-02-21,212.66666666666666,109.6805555555557,95.09166666666663,94.4821428571427
2013-02-22,85.08333333333333,127.0555555555557,87.29999999999997,100.84523809523796
2013-02-23,149.0,148.9166666666668,112.62499999999996,101.3630952380951
2013-02-24,332.875,188.98611111111128,172.6083333333333,131.1964285714284
2013-02-25,159.45833333333334,213.77777777777794,187.81666666666663,150.77976190476176
2013-02-26,216.41666666666666,236.25000000000014,188.56666666666663,176.98809523809513
2013-02-27,245.70833333333334,207.1944444444446,220.69166666666666,200.1726190476189
2013-02-28,221.125,227.75000000000014,235.11666666666665,201.38095238095224
2013-03-01,10.5,159.11111111111128,170.64166666666665,190.72619047619034
2013-03-02,48.833333333333336,93.48611111111127,148.51666666666665,176.41666666666652
2013-03-03,101.0,53.444444444444606,125.43333333333332,143.29166666666652
2013-03-04,25.08695652173913,58.30676328502432,81.30905797101448,124.09575569358164
2013-03-05,183.41666666666666,103.16787439613542,73.7673913043478,119.38146997929593
2013-03-06,226.04347826086956,144.84903381642528,116.8760869565217,116.57220496894396
2013-03-07,318.4583333333333,242.63949275362336,170.8010869565217,130.47696687370586
2013-03-08,222.16666666666666,255.55615942029002,195.034420289855,160.71506211180113
2013-03-09,64.45833333333333,201.69444444444466,202.90869565217383,162.94720496894396
2013-03-10,42.125,109.58333333333354,174.65036231884048,154.5364906832297
2013-03-11,126.58333333333333,77.72222222222243,154.75833333333327,169.03597308488597
2013-03-12,147.20833333333334,105.30555555555577,120.50833333333325,163.8633540372669
2013-03-13,22.041666666666668,98.61111111111133,80.48333333333326,134.72023809523793
2013-03-14,112.78260869565217,94.01086956521762,90.14818840579701,105.33799171842637
2013-03-15,257.5416666666667,130.7886473429954,133.23152173913036,110.39156314699781
2013-03-16,265.2173913043478,211.84722222222243,160.95833333333323,139.07142857142847
2013-03-17,351.2916666666667,291.35024154589394,201.7749999999999,183.23809523809513
2013-03-18,52.708333333333336,223.07246376811614,207.90833333333322,172.68452380952368
2013-03-19,56.166666666666664,153.38888888888908,196.58514492753613,159.67857142857133
2013-03-20,64.91666666666667,57.93055555555575,158.0601449275361,165.80357142857133
2013-03-21,157.625,92.90277777777798,136.54166666666657,172.20962732919244
2013-03-22,64.5,95.68055555555576,79.18333333333322,144.63224637681148
2013-03-23,55.166666666666664,92.43055555555576,79.6749999999999,114.6249999999999
2013-03-24,23.333333333333332,47.666666666666856,73.10833333333322,67.77380952380943
2013-03-25,113.65217391304348,64.05072463768136,82.85543478260858,76.48007246376801
2013-03-26,196.54166666666666,111.17572463768134,90.63876811594191,96.53364389233944
2013-03-27,92.70833333333333,134.30072463768133,96.28043478260858,100.50388198757754
2013-03-28,37.083333333333336,108.77777777777794,92.66376811594192,83.28364389233946
2013-03-29,95.91666666666667,75.23611111111128,107.18043478260859,87.77173913043468
2013-03-30,94.58333333333333,75.8611111111113,103.36666666666656,93.40269151138708
2013-03-31,200.45833333333334,130.31944444444463,104.1499999999999,118.7062629399585
2013-04-01,95.66666666666667,130.23611111111128,104.74166666666656,116.13690476190467
2013-04-02,116.78260869565217,137.63586956521758,120.68152173913032,104.7427536231883
2013-04-03,123.45833333333333,111.9692028985509,126.18985507246366,109.13561076604546
2013-04-04,83.29166666666667,107.8442028985509,123.93152173913032,115.73680124223593
2013-04-05,61.5,89.41666666666684,96.13985507246363,110.82013457556926
2013-04-06,15.125,53.305555555555735,80.0315217391303,99.46894409937877
2013-04-07,79.95833333333333,52.194444444444606,72.66666666666653,82.25465838509307
2013-04-08,19.291666666666668,38.12500000000016,51.8333333333332,71.34394409937877
2013-04-09,11.416666666666666,36.88888888888905,37.4583333333332,56.29166666666656
2013-04-10,12.458333333333334,14.388888888889051,27.64999999999987,40.4345238095237
2013-04-11,18.91304347826087,14.262681159420453,28.407608695652044,31.23757763975144
2013-04-12,51.708333333333336,27.69323671497601,22.757608695652046,29.838768115941914
2013-04-13,59.25,43.290458937198224,30.74927536231872,36.14233954451334
2013-04-14,30.833333333333332,47.26388888888905,34.63260869565205,29.1244824016562
2013-04-15,68.43478260869566,52.83937198067648,45.82789855072452,36.144927536231776
2013-04-16,61.31818181818182,53.52876592007042,54.30892621870871,43.27371541501965
2013-04-17,47.125,58.95932147562598,53.39225955204205,48.22609636740061
2013-04-18,11.791666666666666,40.07828282828297,43.90059288537539,47.20875682288715
2013-04-19,54.625,37.84722222222237,48.658926218708714,47.625423489553825
2013-04-20,78.54166666666667,48.31944444444459,50.680303030302916,50.381375870506204
2013-04-21,130.875,88.01388888888903,64.59166666666655,64.67304253717288
2013-04-22,171.58333333333334,127.00000000000016,89.4833333333332,79.40854978354969
2013-04-23,206.29166666666666,169.58333333333346,128.3833333333332,100.1190476190475
2013-04-24,78.875,152.25000000000014,133.2333333333332,104.6547619047618
2013-04-25,17.25,100.8055555555557,120.97499999999988,105.43452380952371
2013-04-26,72.41666666666667,56.180555555555706,109.28333333333322,107.97619047619037
2013-04-27,72.70833333333333,54.12500000000015,89.50833333333321,107.14285714285704
2013-04-28,71.70833333333333,72.27777777777793,62.59166666666656,98.6904761904761
2013-04-29,30.041666666666668,58.15277777777792,52.824999999999896,78.47023809523799
2013-04-30,21.416666666666668,41.0555555555557,53.65833333333323,52.059523809523704
2013-05-01,45.708333333333336,32.388888888889035,48.31666666666656,47.32142857142846
2013-05-02,82.91666666666667,50.013888888889035,50.358333333333235,56.70238095238085
2013-05-03,64.125,64.25000000000016,48.84166666666657,55.51785714285704
2013-05-04,86.625,77.88888888888904,60.15833333333323,57.50595238095228
2013-05-05,186.29166666666666,112.34722222222236,93.13333333333323,73.87499999999989
2013-05-06,214.29166666666666,162.4027777777779,126.84999999999988,100.19642857142846
2013-05-07,178.95833333333334,193.18055555555569,146.05833333333322,122.70238095238085
2013-05-08,124.29166666666667,172.51388888888903,158.09166666666655,133.9285714285713
2013-05-09,49.708333333333336,117.65277777777794,150.70833333333323,129.1845238095237
2013-05-10,48.75,74.25000000000016,123.1999999999999,126.98809523809514
2013-05-11,53.208333333333336,50.55555555555571,90.98333333333326,122.21428571428562
2013-05-12,48.916666666666664,50.29166666666682,64.97499999999994,102.58928571428562
2013-05-13,104.5,68.87500000000016,61.016666666666595,86.90476190476181
2013-05-14,62.833333333333336,72.08333333333347,63.641666666666595,70.3154761904761
2013-05-15,67.5,78.27777777777793,67.3916666666666,62.20238095238086
2013-05-16,68.75,66.36111111111127,70.49999999999993,64.92261904761895
2013-05-17,108.8,81.6833333333335,82.4766666666666,73.50119047619037
2013-05-18,85.88235294117646,87.81078431372566,78.75313725490189,78.1689075630251
2013-05-19,54.5,83.06078431372566,77.08647058823523,78.96652661064415
2013-05-20,48.625,63.002450980392325,73.31147058823522,70.9843837535013
2013-05-21,101.54166666666667,68.2222222222224,79.86980392156856,76.51414565826319
2013-05-22,62.708333333333336,70.9583333333335,70.65147058823523,75.8296218487394
2013-05-23,87.08333333333333,83.77777777777794,70.8916666666666,78.44866946778701
2013-05-24,115.54166666666667,88.44444444444461,83.09999999999994,79.41176470588225
2013-05-25,63.833333333333336,88.81944444444461,86.1416666666666,76.26190476190467
2013-05-26,103.45833333333333,94.27777777777794,86.52499999999992,83.2559523809523
2013-05-27,76.54166666666667,81.27777777777794,89.2916666666666,87.24404761904752
2013-05-28,83.3913043478261,87.79710144927554,88.55326086956515,84.65113871635603
2013-05-29,20.416666666666668,60.11654589372,69.52826086956514,78.60947204968934
2013-05-30,59.375,54.39432367149777,68.63659420289848,74.65113871635602
2013-05-31,91.625,57.13888888888908,66.26992753623182,71.23447204968934
2013-06-01,73.16666666666667,74.72222222222241,65.59492753623182,72.56780538302267
2013-06-02,155.70833333333334,106.83333333333353,80.05833333333325,80.03209109730838
2013-06-03,131.79166666666666,120.2222222222224,102.33333333333324,87.92494824016553
2013-06-04,129.875,139.12500000000017,116.43333333333325,94.56547619047608
2013-06-05,146.95833333333334,136.20833333333348,127.49999999999993,112.64285714285704
2013-06-06,153.75,143.52777777777794,143.61666666666662,126.1249999999999
2013-06-07,137.16666666666666,145.95833333333348,139.90833333333325,132.63095238095227
2013-06-08,174.79166666666666,155.23611111111123,148.50833333333327,147.1488095238094
2013-06-09,56.75,122.9027777777779,133.88333333333327,133.01190476190465
2013-06-10,32.208333333333336,87.91666666666679,110.93333333333325,118.78571428571418
2013-06-11,61.958333333333336,50.305555555555664,92.57499999999993,109.08333333333323
2013-06-12,67.95833333333333,54.04166666666678,78.73333333333328,97.79761904761894
2013-06-13,107.41666666666667,79.11111111111123,65.25833333333328,91.17857142857132
2013-06-14,108.16666666666667,94.51388888888901,75.54166666666661,87.03571428571418
2013-06-15,125.70833333333333,113.76388888888901,94.24166666666662,80.02380952380942
2013-06-16,174.45833333333334,136.11111111111123,116.7416666666666,96.83928571428562
2013-06-17,35.833333333333336,112.0000000000001,110.3166666666666,97.35714285714276
2013-06-18,53.708333333333336,88.0000000000001,99.57499999999995,96.17857142857133
2013-06-19,51.5,47.01388888888898,88.24166666666662,93.82738095238085
2013-06-20,91.95454545454545,65.72095959595968,81.49090909090904,91.6185064935064
2013-06-21,77.58333333333333,73.67929292929303,62.11590909090903,87.2494588744588
2013-06-22,59.791666666666664,76.44318181818191,66.9075757575757,77.83279220779211
2013-06-23,68.83333333333333,68.7361111111112,69.9325757575757,62.7435064935064
2013-06-24,108.79166666666667,79.13888888888899,81.39090909090905,73.16612554112544
2013-06-25,127.375,101.66666666666676,88.47499999999997,83.68993506493496
2013-06-26,157.75,131.30555555555566,104.50833333333328,98.86850649350639
2013-06-27,92.70833333333333,125.94444444444453,111.09166666666663,98.97619047619037
2013-06-28,294.4583333333333,181.638888888889,156.21666666666664,129.9583333333332
2013-06-29,104.41666666666667,163.8611111111112,155.34166666666664,136.3333333333332
2013-06-30,180.41666666666666,193.09722222222229,165.94999999999996,152.2738095238094
2013-07-01,143.29166666666666,142.7083333333334,163.05833333333328,157.20238095238082
2013-07-02,17.458333333333332,113.72222222222227,148.00833333333327,141.49999999999986
2013-07-03,31.833333333333332,64.19444444444449,95.48333333333329,123.51190476190463
2013-07-04,28.291666666666668,25.861111111111153,80.2583333333333,114.30952380952367
2013-07-05,23.125,27.750000000000043,48.79999999999996,75.54761904761891
2013-07-06,60.958333333333336,37.45833333333338,32.3333333333333,69.33928571428558
2013-07-07,92.375,58.819444444444485,47.31666666666663,56.76190476190464
2013-07-08,91.29166666666667,81.5416666666667,59.2083333333333,49.33333333333321
2013-07-09,83.29166666666667,88.98611111111116,70.2083333333333,58.73809523809512
2013-07-10,36.833333333333336,70.47222222222227,72.94999999999996,59.452380952380835
2013-07-11,41.25,53.79166666666671,69.0083333333333,61.30357142857131
2013-07-12,72.70833333333333,50.263888888888914,65.07499999999996,68.38690476190463
2013-07-13,107.70833333333333,73.8888888888889,68.35833333333329,75.06547619047606
2013-07-14,87.5,89.30555555555559,69.19999999999996,74.36904761904749
2013-07-15,62.5,85.90277777777781,74.33333333333329,70.25595238095225
2013-07-16,26.625,58.875000000000036,71.40833333333329,62.160714285714164
2013-07-17,49.95652173913044,46.36050724637685,66.85797101449272,64.03545548654232
2013-07-18,134.95833333333334,70.51328502415463,72.30797101449272,77.42236024844708
2013-07-19,123.58333333333333,102.83272946859906,79.52463768115938,84.69021739130423
2013-07-20,98.625,119.05555555555559,86.74963768115938,83.39259834368518
2013-07-21,70.875,97.69444444444446,95.59963768115938,81.01759834368518
2013-07-22,100.61111111111111,90.03703703703705,105.73055555555553,86.46204278812961
2013-07-23,43.333333333333336,71.60648148148148,87.40555555555552,88.84894755003438
2013-07-24,40.0,61.31481481481482,70.68888888888885,87.42658730158716
2013-07-25,33.291666666666664,38.875,57.62222222222219,72.90277777777763
2013-07-26,55.333333333333336,42.875,54.51388888888886,63.152777777777644
2013-07-27,111.45833333333333,66.69444444444444,56.6833333333333,64.98611111111097
2013-07-28,58.375,75.05555555555556,59.69166666666664,63.20039682539669
2013-07-29,69.25,79.69444444444443,65.54166666666664,58.72023809523796
2013-07-30,99.83333333333333,75.81944444444444,78.84999999999997,66.79166666666653
2013-07-31,44.125,71.06944444444444,76.6083333333333,67.38095238095225
2013-08-01,46.583333333333336,63.51388888888888,63.633333333333304,69.27976190476177
2013-08-02,69.125,53.27777777777777,65.7833333333333,71.24999999999986
2013-08-03,34.75,50.15277777777777,58.883333333333304,60.291666666666536
2013-08-04,82.33333333333333,62.06944444444443,55.383333333333304,63.71428571428559
2013-08-05,45.416666666666664,54.16666666666665,55.64166666666664,60.30952380952368
2013-08-06,125.45833333333333,84.40277777777776,71.41666666666664,63.97023809523797
2013-08-07,31.375,67.41666666666664,63.86666666666664,62.1488095238094
2013-08-08,32.291666666666664,63.04166666666665,63.37499999999998,60.10714285714273
2013-08-09,37.333333333333336,33.66666666666665,54.37499999999998,55.56547619047607
2013-08-10,88.875,52.833333333333314,63.06666666666664,63.29761904761892
2013-08-11,122.29166666666667,82.83333333333333,62.433333333333316,69.00595238095225
2013-08-12,54.25,88.47222222222223,67.00833333333331,70.26785714285703
2013-08-13,78.04166666666667,84.86111111111113,76.15833333333332,63.4940476190475
2013-08-14,62.458333333333336,64.91666666666667,81.18333333333331,67.9345238095237
2013-08-15,106.0,82.16666666666667,84.60833333333332,78.4642857142856
2013-08-16,106.66666666666667,91.70833333333333,81.48333333333332,88.36904761904749
2013-08-17,38.875,83.84722222222221,78.40833333333332,81.22619047619035
2013-08-18,15.826086956521738,53.78925120772946,65.96521739130432,66.01682194616964
2013-08-19,25.791666666666668,26.83091787439612,58.631884057971,61.95134575569346
2013-08-20,94.30434782608695,45.30736714975844,56.29275362318839,64.27458592132493
2013-08-21,100.95833333333333,73.68478260869563,55.151086956521716,69.77458592132493
2013-08-22,121.23809523809524,105.50025879917182,71.62370600414076,71.95145666962425
2013-08-23,58.333333333333336,93.5099206349206,80.12515527950308,65.04669476486235
2013-08-24,39.375,72.98214285714283,82.84182194616974,65.11812333629092
2013-08-25,43.791666666666664,47.16666666666665,72.73928571428569,69.11320615202591
2013-08-26,54.208333333333336,45.79166666666665,63.38928571428569,73.17272996154973
2013-08-27,53.666666666666664,50.555555555555536,49.87499999999998,67.3673469387754
2013-08-28,76.20833333333333,61.36111111111109,53.449999999999974,63.831632653061114
2013-08-29,32.0,53.958333333333314,51.97499999999998,51.08333333333322
2013-08-30,16.8,41.66944444444443,46.57666666666665,45.1499999999999
2013-08-31,24.625,24.47499999999999,40.659999999999975,43.04285714285704
2013-09-01,49.125,30.183333333333323,39.751666666666644,43.8047619047618
2013-09-02,60.333333333333336,44.69444444444443,36.57666666666664,44.6797619047618
2013-09-03,101.70833333333333,70.38888888888887,50.5183333333333,51.54285714285703
2013-09-04,78.875,80.30555555555554,62.9333333333333,51.92380952380942
2013-09-05,25.916666666666668,68.83333333333333,63.19166666666664,51.0547619047618
2013-09-06,80.29166666666667,61.694444444444436,69.42499999999998,60.12499999999989
2013-09-07,81.70833333333333,62.63888888888888,73.69999999999997,68.2797619047618
2013-09-08,108.41666666666667,90.13888888888887,75.04166666666666,76.74999999999989
2013-09-09,87.58333333333333,92.56944444444441,76.78333333333332,80.64285714285703
2013-09-10,67.16666666666667,87.72222222222221,85.03333333333332,75.70833333333321
2013-09-11,72.20833333333333,75.65277777777776,83.41666666666664,74.75595238095227
2013-09-12,150.79166666666666,96.72222222222219,97.23333333333332,92.59523809523797
2013-09-13,108.22727272727273,110.40909090909088,97.19545454545451,96.58603896103885
2013-09-14,69.0,109.33964646464644,93.47878787878784,94.77056277056265
2013-09-15,24.0,67.07575757575755,84.8454545454545,82.71103896103885
2013-09-16,60.5,51.16666666666663,82.50378787878785,78.84199134199123
2013-09-17,103.66666666666667,62.72222222222219,73.07878787878785,84.05627705627694
2013-09-18,115.54166666666667,93.23611111111109,74.54166666666664,90.24675324675312
2013-09-19,123.75,114.31944444444441,85.49166666666665,86.38365800865789
2013-09-20,65.125,101.47222222222219,93.71666666666664,80.22619047619035
2013-09-21,51.416666666666664,80.09722222222219,91.89999999999998,77.71428571428558
2013-09-22,95.66666666666667,70.73611111111109,90.29999999999997,87.95238095238082
2013-09-23,38.833333333333336,61.9722222222222,74.95833333333329,84.85714285714273
2013-09-24,14.666666666666666,49.7222222222222,53.14166666666663,72.14285714285701
2013-09-25,18.125,23.874999999999975,43.74166666666663,58.22619047619035
2013-09-26,59.95652173913044,30.916062801932345,45.44963768115939,49.11283643892326
2013-09-27,193.70833333333334,90.5966183574879,65.05797101449272,67.48188405797089
2013-09-28,246.83333333333334,166.832729468599,106.6579710144927,95.39855072463756
2013-09-29,226.625,222.38888888888883,149.04963768115937,114.1068840579709
2013-09-30,147.75,207.06944444444437,174.97463768115938,129.6664078674947
2013-10-01,71.45833333333333,148.61111111111106,177.27499999999995,137.77950310558995
2013-10-02,19.541666666666668,79.58333333333327,142.4416666666666,137.98188405797092
2013-10-03,61.041666666666664,50.68055555555551,105.28333333333326,138.13690476190465
2013-10-04,168.16666666666666,82.91666666666661,93.59166666666658,134.48809523809513
2013-10-05,306.0,178.40277777777771,125.24166666666659,142.9404761904761
2013-10-06,213.41666666666666,229.19444444444437,153.63333333333324,141.05357142857133
2013-10-07,91.29166666666667,203.56944444444437,167.98333333333323,132.98809523809516
2013-10-08,63.5,122.73611111111104,168.4749999999999,131.8511904761904
2013-10-09,146.5,100.4305555555555,164.1416666666666,149.98809523809513
2013-10-10,81.58333333333333,97.19444444444439,119.25833333333325,152.9226190476189
2013-10-11,59.291666666666664,95.79166666666661,88.43333333333325,137.3690476190475
2013-10-12,70.45833333333333,70.44444444444439,84.2666666666666,103.72023809523797
2013-10-13,57.333333333333336,62.36111111111105,83.03333333333326,81.42261904761894
2013-10-14,37.833333333333336,55.20833333333328,61.29999999999992,73.78571428571419
2013-10-15,23.291666666666668,39.48611111111105,49.641666666666595,68.04166666666656
2013-10-16,64.04166666666667,41.722222222222165,50.5916666666666,56.26190476190465
2013-10-17,162.83333333333334,83.38888888888883,69.0666666666666,67.86904761904752
2013-10-18,248.16666666666666,158.34722222222214,107.23333333333326,94.85119047619038
2013-10-19,68.0,159.6666666666666,113.26666666666658,94.4999999999999
2013-10-20,29.583333333333332,115.24999999999993,114.52499999999993,90.53571428571419
2013-10-21,100.16666666666667,65.9166666666666,121.74999999999993,99.44047619047608
2013-10-22,147.8181818181818,92.52272727272721,118.74696969696963,117.22997835497824
2013-10-23,25.75,91.24494949494944,74.26363636363631,111.75974025974016
2013-10-24,23.75,65.77272727272721,65.4136363636363,91.89069264069254
2013-10-25,47.291666666666664,32.26388888888883,68.95530303030299,63.19426406926396
2013-10-26,73.375,48.13888888888883,63.596969696969644,63.9621212121211
2013-10-27,228.54166666666666,116.40277777777771,79.74166666666662,92.38474025974014
2013-10-28,314.3333333333333,205.41666666666663,137.4583333333333,122.97997835497824
2013-10-29,29.875,190.91666666666663,138.68333333333328,106.13095238095227
2013-10-30,98.79166666666667,147.66666666666663,148.9833333333333,116.56547619047606
2013-10-31,167.375,98.68055555555553,167.78333333333327,137.0833333333332
2013-11-01,217.0,161.05555555555551,165.47499999999997,161.32738095238082
2013-11-02,286.7916666666667,223.7222222222222,159.96666666666664,191.8154761904761
2013-11-03,47.458333333333336,183.75,163.48333333333332,165.94642857142844
2013-11-04,53.25,129.16666666666666,154.375,128.6488095238094
2013-11-05,203.45833333333334,101.3888888888889,161.59166666666667,153.44642857142844
2013-11-06,113.66666666666667,123.45833333333336,140.925,155.57142857142844
2013-11-07,44.5,120.54166666666669,92.46666666666667,138.01785714285703
2013-11-08,162.70833333333334,106.95833333333333,115.51666666666665,130.26190476190462
2013-11-09,96.875,101.3611111111111,124.24166666666665,103.13095238095222
2013-11-10,19.333333333333332,92.97222222222221,87.41666666666666,99.11309523809508
2013-11-11,41.625,52.61111111111109,73.00833333333331,97.4523809523808
2013-11-12,62.5,41.152777777777764,76.60833333333332,77.31547619047603
2013-11-13,198.29166666666666,100.80555555555554,83.72499999999998,89.40476190476174
2013-11-14,66.04166666666667,108.94444444444444,77.55833333333331,92.48214285714269
2013-11-15,118.375,127.56944444444444,97.36666666666665,86.14880952380936
2013-11-16,47.333333333333336,77.24999999999999,98.50833333333333,79.07142857142841
2013-11-17,13.833333333333334,59.84722222222221,88.77499999999999,78.28571428571412
2013-11-18,11.708333333333334,24.291666666666657,51.45833333333333,74.0119047619046
2013-11-19,42.21739130434783,22.586352657004824,46.693478260869554,71.1143892339543
2013-11-20,77.625,43.85024154589371,38.54347826086955,53.876293995859065
2013-11-21,131.0,83.6141304347826,55.27681159420289,63.15605590062097
2013-11-22,174.16666666666666,127.59722222222221,87.34347826086956,71.12629399585907
2013-11-23,221.69565217391303,175.6207729468599,129.3409420289855,96.03519668737044
2013-11-24,93.95833333333333,163.27355072463766,139.6891304347826,107.48162525879901
2013-11-25,24.083333333333332,113.24577294685992,128.98079710144927,109.24948240165615
2013-11-26,26.208333333333332,48.08333333333334,108.02246376811595,106.96247412008266
2013-11-27,7.416666666666667,19.236111111111118,74.67246376811595,96.93271221532075
2013-11-28,27.166666666666668,20.2638888888889,35.76666666666668,82.0993788819874
2013-11-29,59.541666666666664,31.375000000000014,28.883333333333347,65.7243788819874
2013-11-30,34.708333333333336,40.472222222222236,31.008333333333347,39.01190476190459
2013-12-01,84.70833333333333,59.65277777777779,42.70833333333334,37.69047619047602
2013-12-02,136.58333333333334,85.33333333333336,68.54166666666667,53.761904761904596
2013-12-03,89.75,103.68055555555559,81.05833333333334,62.83928571428555
2013-12-04,112.75,113.02777777777781,91.70000000000002,77.8869047619046
2013-12-05,49.291666666666664,83.93055555555559,94.61666666666669,81.0476190476189
2013-12-06,164.91666666666666,108.98611111111114,110.65833333333335,96.10119047619033
2013-12-07,348.5,187.56944444444449,153.04166666666669,140.92857142857127
2013-12-08,214.41666666666666,242.61111111111117,177.975,159.4583333333332
2013-12-09,19.458333333333332,194.12500000000009,159.31666666666666,142.7261904761903
2013-12-10,27.25,87.04166666666674,154.90833333333336,133.79761904761887
2013-12-11,30.791666666666668,25.833333333333417,128.08333333333334,122.08928571428554
2013-12-12,22.708333333333332,26.916666666666753,62.925000000000026,118.2916666666665
2013-12-13,69.54166666666667,41.01388888888897,33.95000000000003,104.6666666666665
2013-12-14,62.916666666666664,51.72222222222231,42.641666666666694,63.86904761904744
2013-12-15,59.375,63.94444444444452,49.0666666666667,41.720238095237924
2013-12-16,183.375,101.88888888888897,79.58333333333336,65.1369047619046
2013-12-17,77.5,106.75000000000007,90.5416666666667,72.31547619047602
2013-12-18,56.291666666666664,105.7222222222223,87.8916666666667,75.95833333333316
2013-12-19,41.25,58.34722222222231,83.55833333333337,78.60714285714268
2013-12-20,36.5,44.680555555555635,78.98333333333336,73.88690476190459
2013-12-21,91.29166666666667,56.347222222222314,60.5666666666667,77.94047619047602
2013-12-22,181.20833333333334,103.0000000000001,81.30833333333337,95.34523809523793
2013-12-23,145.75,139.41666666666677,99.20000000000003,89.97023809523793
2013-12-24,316.75,214.56944444444454,154.30000000000004,124.14880952380936
2013-12-25,170.125,210.87500000000009,181.02500000000003,140.41071428571414
2013-12-26,14.625,167.16666666666674,165.69166666666672,136.60714285714272
2013-12-27,32.625,72.45833333333341,135.97500000000005,136.05357142857127
2013-12-28,21.782608695652176,23.010869565217472,111.18152173913047,126.12370600414064
2013-12-29,53.35294117647059,35.92018329070766,58.50210997442459,107.85864998173167
2013-12-30,45.214285714285715,40.11661186213624,33.51996711728174,93.49640508377249
2013-12-31,49.333333333333336,49.30018674136329,40.46163378394841,55.29402413139154
2014-01-01,58.416666666666664,50.98809523809532,45.61996711728174,39.3356907980582
2014-01-02,167.625,91.79166666666674,74.7884453781513,61.19283365520106
2014-01-03,54.458333333333336,93.50000000000007,75.00952380952384,64.31188127424868
2014-01-04,154.875,125.65277777777784,96.9416666666667,83.32508003201266
2014-01-05,101.41666666666667,103.58333333333341,107.35833333333338,90.19132653061209
2014-01-06,154.58333333333334,136.95833333333343,126.59166666666673,105.81547619047605
2014-01-07,112.875,122.95833333333341,115.64166666666672,114.892857142857
2014-01-08,21.416666666666668,96.29166666666674,109.03333333333337,109.6071428571427
2014-01-09,33.125,55.80555555555563,84.68333333333337,90.392857142857
2014-01-10,81.29166666666667,45.27777777777785,80.65833333333337,94.22619047619033
2014-01-11,152.625,89.01388888888896,80.2666666666667,93.90476190476174
2014-01-12,28.526315789473685,87.48099415204685,63.39692982456144,83.49185463659133
2014-01-13,127.875,103.00877192982462,84.6885964912281,79.67637844611512
2014-01-14,119.45833333333333,91.95321637426906,101.95526315789478,80.61685463659133
2014-01-15,210.375,152.56944444444449,127.77192982456145,107.61090225563895
2014-01-16,448.4166666666667,259.41666666666674,186.93026315789479,166.9382832080199
2014-01-17,154.5,271.0972222222223,212.12500000000006,177.39661654135324
2014-01-18,76.75,226.55555555555563,201.90000000000003,166.55733082706752
2014-01-19,124.75,118.66666666666673,202.95833333333337,180.30357142857127
2014-01-20,10.25,70.58333333333339,162.9333333333334,163.49999999999983
2014-01-21,47.208333333333336,60.736111111111164,82.69166666666673,153.17857142857127
2014-01-22,162.95454545454547,73.47095959595966,84.38257575757582,146.40422077922062
2014-01-23,288.4166666666667,166.1931818181819,126.71590909090915,123.54707792207776
2014-01-24,152.375,201.24873737373744,132.24090909090916,123.24350649350633
2014-01-25,33.708333333333336,158.16666666666674,136.93257575757582,117.09469696969681
2014-01-26,59.0,81.69444444444451,139.29090909090914,107.70183982683967
2014-01-27,96.16666666666667,62.95833333333341,125.93333333333337,119.97564935064919
2014-01-28,46.583333333333336,67.25000000000007,77.5666666666667,119.88636363636348
2014-01-29,149.29166666666666,97.34722222222229,76.95000000000005,117.93452380952364
2014-01-30,71.33333333333333,89.0694444444445,84.47500000000005,86.92261904761888
2014-01-31,166.20833333333334,128.9444444444445,105.91666666666671,88.89880952380936
2014-02-01,155.08333333333334,130.87500000000009,117.70000000000007,106.23809523809507
2014-02-02,68.91666666666667,130.06944444444454,122.16666666666671,107.65476190476173
2014-02-03,7.125,77.04166666666676,93.73333333333339,94.93452380952364
2014-02-04,29.958333333333332,35.33333333333342,85.4583333333334,92.55952380952364
2014-02-05,103.83333333333333,46.97222222222231,72.98333333333339,86.06547619047603
2014-02-06,143.25,92.3472222222223,70.61666666666672,96.33928571428555
2014-02-07,102.875,116.65277777777787,77.40833333333339,87.2916666666665
2014-02-08,56.0,100.70833333333343,87.18333333333338,73.13690476190459
2014-02-09,13.458333333333334,57.444444444444535,83.88333333333338,65.21428571428554
2014-02-10,26.208333333333332,31.88888888888898,68.35833333333338,67.94047619047602
2014-02-11,131.25,56.972222222222314,65.95833333333339,82.4107142857141
2014-02-12,145.58333333333334,101.01388888888899,74.50000000000004,88.37499999999982
2014-02-13,210.95833333333334,162.59722222222234,105.49166666666672,98.04761904761888
2014-02-14,299.6666666666667,218.73611111111123,162.73333333333338,126.16071428571412
2014-02-15,363.7916666666667,291.47222222222234,230.25000000000006,170.13095238095224
2014-02-16,264.8333333333333,309.4305555555557,256.9666666666667,206.04166666666652
2014-02-17,75.79166666666667,234.80555555555566,243.00833333333338,213.12499999999986
2014-02-18,70.26086956521739,136.9619565217392,214.86884057971025,204.41226708074524
2014-02-19,79.83333333333333,75.29528985507255,170.90217391304355,195.01940993788807
2014-02-20,271.0,140.36473429951698,152.3438405797102,203.59679089026903
2014-02-21,330.4166666666667,227.08333333333346,165.4605072463769,207.9896480331262
2014-02-22,335.5416666666667,312.3194444444445,217.41050724637688,203.9539337474119
2014-02-23,295.95652173913044,320.63828502415464,262.5496376811595,208.40010351966865
2014-02-24,352.5833333333333,328.0271739130435,317.0996376811595,247.9417701863353
2014-02-25,449.75,366.0966183574879,352.8496376811595,302.1545031055899
2014-02-26,386.4166666666667,396.25,364.0496376811594,345.95212215320896
2014-02-27,20.375,285.5138888888889,301.0163043478261,310.1485507246375
2014-02-28,102.66666666666667,169.81944444444446,262.35833333333335,277.6128364389232
2014-03-01,83.125,68.72222222222223,208.4666666666667,241.5533126293994
2014-03-02,162.125,115.97222222222223,150.9416666666667,222.4345238095236
2014-03-03,243.54166666666666,162.93055555555557,122.3666666666667,206.85714285714266
2014-03-04,49.291666666666664,151.6527777777778,128.15000000000003,149.64880952380935
2014-03-05,24.875,105.90277777777779,112.5916666666667,97.9999999999998
2014-03-06,20.375,31.513888888888903,100.0416666666667,97.9999999999998
2014-03-07,61.5,35.58333333333335,79.9166666666667,92.11904761904744
2014-03-08,175.75,85.87500000000001,66.35833333333338,105.35119047619028
2014-03-09,119.75,119.00000000000001,80.45000000000003,99.29761904761885
2014-03-10,108.5,134.66666666666669,97.17500000000004,80.0059523809522
2014-03-11,195.79166666666666,141.34722222222226,132.25833333333338,100.93452380952363
2014-03-12,19.166666666666668,107.81944444444447,123.7916666666667,100.11904761904744
2014-03-13,22.25,79.06944444444447,93.0916666666667,100.38690476190457
2014-03-14,24.875,22.097222222222257,74.1166666666667,95.15476190476171
2014-03-15,114.58333333333333,53.90277777777782,75.33333333333336,86.41666666666649
2014-03-16,122.29166666666667,87.25000000000004,60.63333333333337,86.77976190476171
2014-03-17,85.83333333333333,107.56944444444447,73.9666666666667,83.54166666666649
2014-03-18,40.416666666666664,82.84722222222227,77.60000000000004,61.34523809523791
2014-03-19,58.666666666666664,61.638888888888935,84.35833333333338,66.98809523809506
2014-03-20,10.166666666666666,36.41666666666671,63.475000000000044,65.26190476190457
2014-03-21,28.565217391304348,32.466183574879274,44.72971014492758,65.78907867494806
2014-03-22,66.125,34.95229468599039,40.78804347826092,58.86645962732901
2014-03-23,158.66666666666666,84.4522946859904,64.43804347826091,64.06288819875758
2014-03-24,245.70833333333334,156.8333333333334,101.84637681159424,86.90217391304328
2014-03-25,224.20833333333334,209.52777777777783,144.65471014492758,113.15812629399568
2014-03-26,317.875,262.5972222222223,202.5166666666667,150.18788819875755
2014-03-27,257.4166666666667,266.50000000000006,240.77500000000003,185.50931677018613
2014-03-28,151.45833333333334,242.25000000000003,239.33333333333334,203.06547619047598
2014-03-29,38.791666666666664,149.22222222222226,197.95000000000002,199.16071428571408
2014-03-30,34.291666666666664,74.84722222222224,159.96666666666667,181.39285714285694
2014-03-31,155.29166666666666,76.12500000000001,127.45,168.4761904761903
2014-04-01,130.29166666666666,106.625,102.02499999999999,155.05952380952365
2014-04-02,105.45833333333333,130.3472222222222,92.82499999999997,124.71428571428555
2014-04-03,23.375,86.375,89.74166666666665,91.27976190476173
2014-04-04,32.291666666666664,53.70833333333334,89.34166666666664,74.2559523809522
2014-04-05,26.5,27.3888888888889,63.5833333333333,72.49999999999982
2014-04-06,57.791666666666664,38.86111111111112,49.08333333333331,75.85714285714268
2014-04-07,99.95833333333333,61.41666666666668,47.98333333333331,67.95238095238078
2014-04-08,168.04166666666666,108.59722222222223,76.91666666666666,73.34523809523793
2014-04-09,146.58333333333334,138.19444444444443,99.77499999999999,79.22023809523793
2014-04-10,86.21739130434783,133.6141304347826,111.71847826086955,88.19772256728763
2014-04-11,61.416666666666664,98.07246376811595,112.44347826086955,92.3584368530019
2014-04-12,119.625,89.08635265700484,116.37681159420288,105.66200828157334
2014-04-13,163.25,114.7638888888889,115.41847826086955,120.72748447204954
2014-04-14,238.1818181818182,173.6856060606061,133.73817523056653,140.47369659326165
2014-04-15,66.66666666666667,156.0328282828283,129.8280303030303,125.99155373611879
2014-04-16,68.75,124.53282828282829,131.29469696969696,114.87250611707115
2014-04-17,118.75,84.72222222222223,131.11969696969695,119.52002164502146
2014-04-18,142.70833333333334,110.06944444444444,127.01136363636363,131.1331168831167
2014-04-19,64.0,108.4861111111111,92.17499999999998,123.18668831168814
2014-04-20,68.25,91.65277777777777,92.49166666666666,109.61525974025957
2014-04-21,50.791666666666664,61.013888888888886,88.9,82.84523809523792
2014-04-22,77.41666666666667,65.4861111111111,80.63333333333333,84.3809523809522
2014-04-23,121.20833333333333,83.13888888888887,76.33333333333333,91.87499999999982
2014-04-24,113.66666666666667,104.09722222222221,86.26666666666667,91.14880952380933
2014-04-25,121.04166666666667,118.63888888888887,96.825,88.05357142857123
2014-04-26,39.541666666666664,91.41666666666667,94.57499999999999,84.55952380952361
2014-04-27,67.33333333333333,75.97222222222221,92.55833333333331,84.42857142857123
2014-04-28,69.125,58.66666666666665,82.14166666666664,87.04761904761885
2014-04-29,105.70833333333333,80.7222222222222,80.54999999999997,91.08928571428554
2014-04-30,111.875,95.56944444444444,78.71666666666661,89.7559523809522
2014-05-01,121.58333333333333,113.05555555555554,95.12499999999994,90.88690476190459
2014-05-02,37.791666666666664,90.41666666666667,89.21666666666661,78.99404761904745
2014-05-03,81.08333333333333,80.15277777777777,91.60833333333328,84.92857142857126
2014-05-04,47.416666666666664,55.430555555555564,79.94999999999996,82.08333333333316
2014-05-05,46.625,58.37500000000001,66.89999999999995,78.86904761904745
2014-05-06,101.5,65.18055555555556,62.88333333333329,78.26785714285697
2014-05-07,89.41666666666667,79.18055555555557,73.20833333333329,75.05952380952363
2014-05-08,87.75,92.88888888888891,74.54166666666663,70.2261904761903
2014-05-09,67.625,81.59722222222224,78.58333333333329,74.48809523809507
2014-05-10,54.375,69.91666666666669,80.1333333333333,70.67261904761888
2014-05-11,30.666666666666668,50.88888888888891,65.96666666666663,68.27976190476174
2014-05-12,47.333333333333336,44.12500000000002,57.549999999999955,68.38095238095221
2014-05-13,58.666666666666664,45.55555555555557,51.73333333333329,62.26190476190459
2014-05-14,22.875,42.95833333333335,42.78333333333329,52.7559523809522
2014-05-15,85.875,55.80555555555557,49.08333333333329,52.48809523809506
2014-05-16,74.91666666666667,61.222222222222236,57.933333333333294,53.529761904761735
2014-05-17,67.70833333333333,76.16666666666669,62.00833333333329,55.43452380952363
2014-05-18,102.91666666666667,81.84722222222224,70.85833333333329,65.75595238095221
2014-05-19,112.875,94.50000000000001,88.85833333333329,75.11904761904744
2014-05-20,85.86363636363636,100.55176767676771,88.85606060606055,79.00432900432882
2014-05-21,102.0,100.24621212121214,94.27272727272722,90.30790043290025
2014-05-22,136.45833333333334,108.10732323232325,108.02272727272721,97.53409090909074
2014-05-23,80.91666666666667,106.45833333333336,103.6227272727272,98.39123376623358
2014-05-24,89.625,102.33333333333336,98.97272727272721,101.52218614718596
2014-05-25,71.41666666666667,80.6527777777778,96.08333333333326,97.02218614718596
2014-05-26,20.416666666666668,60.48611111111112,79.7666666666666,83.81385281385262
2014-05-27,29.916666666666668,40.58333333333334,58.45833333333326,75.82142857142837
2014-05-28,31.416666666666668,27.250000000000004,48.55833333333326,65.73809523809504
2014-05-29,46.833333333333336,36.05555555555556,39.99999999999992,52.93452380952361
2014-05-30,90.95833333333333,56.40277777777778,43.908333333333246,54.369047619047414
2014-05-31,115.75,84.5138888888889,62.97499999999991,58.10119047619027
2014-06-01,50.708333333333336,85.80555555555559,67.13333333333324,55.14285714285693
2014-06-02,33.416666666666664,66.62500000000004,67.53333333333323,56.99999999999979
2014-06-03,41.458333333333336,41.86111111111115,66.45833333333323,58.648809523809305
2014-06-04,63.65217391304348,46.17572463768119,60.99710144927527,63.25388198757742
2014-06-05,67.8695652173913,57.6600241545894,51.421014492753535,66.25905797101429
2014-06-06,55.34782608695652,62.2898550724638,52.34891304347817,61.171842650103315
2014-06-07,12.521739130434783,45.24637681159424,48.1699275362318,46.42494824016543
2014-06-08,36.21739130434783,34.69565217391308,47.121739130434705,44.35481366459607
2014-06-09,30.333333333333332,26.35748792270535,40.45797101449268,43.914337474119876
2014-06-10,78.04166666666667,48.19746376811599,42.49239130434775,49.14052795031036
2014-06-11,43.916666666666664,50.763888888888935,40.20615942028978,46.32116977225653
2014-06-12,31.625,51.194444444444485,44.02681159420282,41.143374741200624
2014-06-13,59.708333333333336,45.08333333333337,48.72499999999992,41.76630434782589
2014-06-14,47.5,46.27777777777782,52.15833333333326,46.76319875776377
2014-06-15,115.66666666666667,74.2916666666667,59.68333333333326,58.113095238095035
2014-06-16,138.5,100.5555555555556,78.59999999999992,73.56547619047599
2014-06-17,75.875,110.01388888888893,87.44999999999992,73.25595238095218
2014-06-18,71.38095238095238,95.25198412698415,89.78452380952373,77.17942176870729
2014-06-19,123.83333333333333,90.36309523809526,105.05119047619038,90.35204081632635
2014-06-20,45.875,80.36309523809526,91.09285714285706,88.37585034013587
2014-06-21,54.541666666666664,74.75000000000003,74.30119047619038,89.38180272108823
2014-06-22,33.791666666666664,44.73611111111114,65.88452380952373,77.68537414965967
2014-06-23,23.041666666666668,37.12500000000003,56.21666666666658,61.191326530612045
2014-06-24,54.083333333333336,36.97222222222226,42.26666666666658,58.078231292516804
2014-06-25,97.16666666666667,58.09722222222226,52.52499999999992,61.76190476190455
2014-06-26,116.83333333333333,89.36111111111114,64.98333333333325,60.76190476190457
2014-06-27,17.208333333333332,77.06944444444447,61.66666666666657,56.666666666666465
2014-06-28,20.25,51.43055555555558,61.108333333333235,51.76785714285694
2014-06-29,49.75,29.06944444444447,60.241666666666575,54.047619047618845
2014-06-30,69.625,46.54166666666669,54.733333333333235,60.70238095238074
2014-07-01,101.58333333333333,73.65277777777781,51.68333333333324,67.48809523809503
2014-07-02,69.5,80.23611111111114,62.14166666666657,63.535714285714064
2014-07-03,217.5,129.5277777777778,101.59166666666655,77.91666666666643
2014-07-04,199.20833333333334,162.06944444444449,131.48333333333323,103.91666666666643
2014-07-05,121.29166666666667,179.33333333333337,141.81666666666655,118.35119047619024
2014-07-06,191.29166666666666,170.59722222222226,159.7583333333332,138.57142857142833
2014-07-07,149.875,154.1527777777778,175.8333333333332,150.03571428571402
2014-07-08,81.375,140.84722222222223,148.6083333333332,147.14880952380926
2014-07-09,24.625,85.29166666666667,113.69166666666653,140.73809523809499
2014-07-10,31.375,45.791666666666664,95.7083333333332,114.14880952380928
2014-07-11,30.833333333333332,28.944444444444446,63.61666666666654,90.09523809523785
2014-07-12,14.526315789473685,25.578216374269008,36.546929824561275,74.84304511278171
2014-07-13,22.166666666666668,22.508771929824565,24.70526315789461,50.68233082706742
2014-07-14,29.916666666666668,22.203216374269015,25.76359649122794,33.54542606516266
2014-07-15,52.083333333333336,34.722222222222236,29.90526315789461,29.360902255638848
2014-07-16,110.29166666666667,64.09722222222224,45.796929824561275,41.59899749373409
2014-07-17,146.79166666666666,103.05555555555556,72.24999999999986,58.08709273182933
2014-07-18,115.75,124.27777777777779,90.96666666666653,70.21804511278171
2014-07-19,61.25,107.93055555555556,97.23333333333318,76.8928571428569
2014-07-20,60.541666666666664,79.18055555555557,98.92499999999986,82.37499999999976
2014-07-21,24.875,48.888888888888914,81.84166666666653,81.65476190476167
2014-07-22,14.772727272727273,33.39646464646467,55.43787878787864,76.32467532467508
2014-07-23,24.75,21.465909090909122,37.23787878787864,64.10443722943698
2014-07-24,69.95833333333333,36.49368686868689,38.9795454545453,53.12824675324651
2014-07-25,73.16666666666667,55.958333333333364,41.50454545454531,47.04491341991318
2014-07-26,93.0,78.70833333333337,55.129545454545315,51.580627705627464
2014-07-27,97.58333333333333,87.9166666666667,71.69166666666652,56.87229437229412
2014-07-28,102.54166666666667,97.70833333333337,87.24999999999986,67.96753246753222
2014-07-29,107.0,102.37500000000004,94.6583333333332,81.1428571428569
2014-07-30,137.91666666666666,115.81944444444447,107.6083333333332,97.30952380952355
2014-07-31,179.66666666666666,141.5277777777778,124.94166666666653,112.98214285714259
2014-08-01,127.75,148.44444444444449,130.97499999999985,120.77976190476166
2014-08-02,96.625,134.68055555555563,129.79166666666654,121.2976190476188
2014-08-03,102.91666666666667,109.09722222222229,128.97499999999985,122.05952380952354
2014-08-04,32.0,77.18055555555561,107.79166666666654,111.98214285714259
2014-08-05,22.791666666666668,52.56944444444451,76.41666666666654,99.9523809523807
2014-08-06,36.75,30.513888888888946,58.21666666666654,85.49999999999974
2014-08-07,61.583333333333336,40.37500000000006,51.2083333333332,68.63095238095214
2014-08-08,59.041666666666664,52.45833333333339,42.4333333333332,58.815476190475934
2014-08-09,77.91666666666667,66.18055555555561,51.61666666666654,56.14285714285689
2014-08-10,36.375,57.777777777777835,54.3333333333332,46.63690476190451
2014-08-11,22.416666666666668,45.56944444444451,51.46666666666654,45.26785714285689
2014-08-12,26.083333333333332,28.29166666666673,44.36666666666653,45.73809523809498
2014-08-13,27.0,25.16666666666673,37.9583333333332,44.34523809523784
2014-08-14,28.416666666666668,27.16666666666673,28.058333333333202,39.607142857142605
2014-08-15,43.416666666666664,32.94444444444451,29.466666666666534,37.37499999999975
2014-08-16,65.375,45.73611111111118,38.0583333333332,35.58333333333308
2014-08-17,48.083333333333336,52.29166666666674,42.4583333333332,37.255952380952124
2014-08-18,56.45454545454545,56.637626262626334,48.34924242424229,42.11850649350623
2014-08-19,77.20833333333333,60.582070707070784,58.10757575757562,49.42207792207766
2014-08-20,91.93333333333334,75.19873737373744,67.81090909090895,58.698268398268134
2014-08-21,117.54166666666667,95.56111111111119,78.24424242424229,71.43041125541099
2014-08-22,58.208333333333336,89.22777777777786,80.26924242424228,73.54350649350623
2014-08-23,117.75,97.83333333333341,92.52833333333321,81.02564935064909
2014-08-24,19.791666666666668,65.25000000000007,81.04499999999987,76.9839826839824
2014-08-25,15.791666666666666,51.11111111111118,65.81666666666655,71.17499999999971
2014-08-26,23.333333333333332,19.63888888888896,46.97499999999987,63.47857142857115
2014-08-27,56.541666666666664,31.888888888888957,46.641666666666545,58.42261904761877
2014-08-28,83.75,54.541666666666735,39.84166666666654,53.59523809523781
2014-08-29,86.16666666666667,75.48611111111117,53.11666666666654,57.58928571428544
2014-08-30,149.20833333333334,106.37500000000006,79.79999999999987,62.083333333333066
2014-08-31,89.45833333333333,108.27777777777783,93.02499999999988,72.03571428571402
2014-09-01,112.375,117.01388888888893,104.19166666666653,85.83333333333307
2014-09-02,25.541666666666668,75.79166666666671,92.54999999999987,86.14880952380926
2014-09-03,13.166666666666666,50.361111111111164,77.94999999999986,79.9523809523807
2014-09-04,43.416666666666664,27.375000000000046,56.791666666666536,74.19047619047592
2014-09-05,96.08333333333333,50.88888888888894,58.11666666666654,75.60714285714259
2014-09-06,134.58333333333334,91.36111111111116,62.55833333333321,73.51785714285688
2014-09-07,141.41666666666666,124.02777777777781,85.7333333333332,80.94047619047592
2014-09-08,8.916666666666666,94.97222222222227,84.8833333333332,66.16071428571401
2014-09-09,39.791666666666664,63.37500000000005,84.1583333333332,68.1964285714283
2014-09-10,69.16666666666667,39.291666666666714,78.77499999999988,76.1964285714283
2014-09-11,95.08333333333333,68.01388888888894,70.87499999999986,83.5773809523807
2014-09-12,68.08333333333333,77.4444444444445,56.20833333333319,79.5773809523807
2014-09-13,64.5,75.88888888888893,67.32499999999985,69.56547619047592
2014-09-14,44.583333333333336,59.0555555555556,68.28333333333318,55.7321428571426
2014-09-15,18.083333333333332,42.388888888888935,58.06666666666651,57.0416666666664
2014-09-16,47.40909090909091,36.69191919191925,48.531818181818025,58.12987012986986
2014-09-17,36.666666666666664,34.05303030303035,42.2484848484847,53.48701298701271
2014-09-18,68.875,50.983585858585904,43.1234848484847,49.7429653679651
2014-09-19,99.43478260869566,68.32548309178749,54.09377470355717,54.221743835874
2014-09-20,138.70833333333334,102.33937198067638,78.21877470355717,64.82293431206448
2014-09-21,89.70833333333333,109.2838164251208,86.67862318840567,71.26936288349306
2014-09-22,108.875,112.43055555555559,101.12028985507233,84.23960097873115
2014-09-23,63.95454545454545,87.51262626262628,100.13619894598142,86.60323734236752
2014-09-24,33.5,68.77651515151518,86.94924242424229,86.15085638998657
2014-09-25,121.25,72.90151515151518,83.45757575757561,93.63299924712943
2014-09-26,140.29166666666666,98.34722222222227,93.57424242424227,99.46969696969673
2014-09-27,35.583333333333336,99.0416666666667,78.91590909090894,84.73755411255387
2014-09-28,66.875,80.9166666666667,79.49999999999986,81.47564935064909
2014-09-29,52.333333333333336,51.59722222222226,83.26666666666651,73.39826839826814
2014-09-30,28.291666666666668,49.16666666666669,64.67499999999986,68.30357142857117
2014-10-01,82.70833333333333,54.44444444444448,53.15833333333319,75.33333333333307
2014-10-02,67.41666666666667,59.47222222222226,59.524999999999864,67.64285714285688
2014-10-03,128.33333333333334,92.81944444444447,71.81666666666653,65.93452380952355
2014-10-04,84.54166666666667,93.4305555555556,78.25833333333321,72.92857142857117
2014-10-05,33.833333333333336,82.23611111111114,79.36666666666653,68.20833333333307
2014-10-06,36.0,51.458333333333364,70.02499999999988,65.87499999999974
2014-10-07,152.58333333333334,74.13888888888891,87.0583333333332,83.63095238095214
2014-10-08,308.8333333333333,165.80555555555557,123.15833333333319,115.93452380952354
2014-10-09,378.0416666666667,279.81944444444446,181.85833333333318,160.30952380952354
2014-10-10,321.125,336.00000000000006,239.31666666666655,187.8511904761902
2014-10-11,184.25,294.47222222222223,268.9666666666666,202.09523809523782
2014-10-12,6.791666666666667,170.72222222222226,239.80833333333325,198.2321428571426
2014-10-13,16.666666666666668,69.23611111111113,181.37499999999994,195.47023809523785
2014-10-14,51.833333333333336,25.09722222222223,116.1333333333333,181.0773809523807
2014-10-15,49.041666666666664,39.18055555555556,61.716666666666626,143.9642857142855
2014-10-16,42.625,47.83333333333334,33.39166666666663,96.04761904761881
2014-10-17,117.58333333333333,69.75000000000001,55.549999999999955,66.97023809523786
2014-10-18,211.58333333333334,123.93055555555556,94.53333333333329,70.87499999999977
2014-10-19,273.9583333333333,201.04166666666666,138.9583333333333,109.04166666666643
2014-10-20,209.3913043478261,231.64432367149757,171.02826086956517,136.57375776397492
2014-10-21,45.208333333333336,176.18599033816426,171.54492753623185,135.62732919254637
2014-10-22,94.875,116.49154589371982,167.00326086956517,142.17494824016543
2014-10-23,147.25,95.77777777777779,154.1365942028985,157.12137681159402
2014-10-24,267.8333333333333,169.98611111111114,152.9115942028985,178.58566252587974
2014-10-25,366.9583333333333,260.6805555555556,184.42499999999993,200.7820910973083
2014-10-26,71.5,235.43055555555557,189.68333333333325,171.85947204968926
2014-10-27,33.0,157.1527777777778,177.30833333333325,146.66071428571414
2014-10-28,69.33333333333333,57.94444444444448,161.72499999999994,150.1071428571427
2014-10-29,135.58333333333334,79.30555555555559,135.27499999999995,155.92261904761887
2014-10-30,190.16666666666666,131.69444444444446,99.91666666666661,162.05357142857127
2014-10-31,185.5,170.41666666666669,122.71666666666661,150.29166666666652
2014-11-01,43.208333333333336,139.625,124.75833333333328,104.04166666666652
2014-11-02,7.958333333333333,78.88888888888889,112.48333333333328,94.96428571428557
2014-11-03,27.208333333333332,26.125,90.80833333333328,94.13690476190462
2014-11-04,131.70833333333334,55.625,79.11666666666663,103.04761904761891
2014-11-05,70.08333333333333,76.33333333333333,56.03333333333329,93.69047619047605
2014-11-06,15.434782608695652,72.40881642512076,50.47862318840575,68.72877846790877
2014-11-07,53.083333333333336,46.200483091787426,59.503623188405754,49.812111801242104
2014-11-08,80.25,49.58937198067631,70.11195652173909,55.103778467908775
2014-11-09,65.5,66.27777777777776,56.87028985507243,63.32401656314687
2014-11-10,81.33333333333333,75.69444444444443,59.12028985507243,71.05615942028973
2014-11-11,43.708333333333336,63.51388888888888,64.77499999999996,58.484730848861155
2014-11-12,6.541666666666667,43.86111111111109,55.46666666666664,49.407349896480206
2014-11-13,27.043478260869566,25.764492753623173,44.825362318840554,51.065734989647915
2014-11-14,46.166666666666664,26.583937198067616,40.95869565217389,50.07763975155268
2014-11-15,173.79166666666666,82.33393719806762,59.45036231884056,63.44073498964792
2014-11-16,111.5,110.4861111111111,73.0086956521739,70.01216356107649
2014-11-17,26.708333333333332,103.99999999999999,77.04202898550723,62.208592132505075
2014-11-18,91.0,76.40277777777776,89.83333333333331,68.96454451345747
2014-11-19,327.0416666666667,148.25,146.00833333333333,114.75025879917176
2014-11-20,328.85,248.96388888888887,177.02,157.86547619047613
2014-11-21,74.3125,243.40138888888887,169.5825,161.88630952380944
2014-11-22,48.083333333333336,150.4152777777778,173.85750000000002,143.92797619047613
2014-11-23,133.58333333333334,85.32638888888887,182.37416666666667,147.08273809523803
2014-11-24,89.875,90.51388888888887,134.94083333333333,156.10654761904757
2014-11-25,182.875,135.44444444444443,105.74583333333332,169.23154761904757
2014-11-26,308.2916666666667,193.68055555555554,152.54166666666666,166.55297619047613
2014-11-27,62.25,184.4722222222222,155.37499999999997,128.46726190476184
2014-11-28,103.08333333333333,157.875,149.27499999999998,132.5773809523809
2014-11-29,302.5,155.94444444444443,191.8,168.922619047619
2014-11-30,83.33333333333333,162.9722222222222,171.89166666666665,161.74404761904756
2014-12-01,13.666666666666666,133.16666666666666,112.96666666666665,150.85714285714283
2014-12-02,56.291666666666664,51.09722222222223,111.77499999999998,132.7738095238095
2014-12-03,20.708333333333332,30.222222222222232,95.29999999999998,91.69047619047618
2014-12-04,9.0,28.666666666666675,36.59999999999999,84.08333333333333
2014-12-05,44.86363636363637,24.85732323232325,28.9060606060606,75.76623376623375
2014-12-06,68.95833333333333,40.940656565656575,39.96439393939393,42.40313852813852
2014-12-07,51.75,55.19065656565658,39.0560606060606,37.89123376623376
2014-12-08,58.22222222222222,59.64351851851853,46.55883838383838,44.25631313131312
2014-12-09,358.61538461538464,156.19586894586897,116.48191530691531,87.44541569541569
2014-12-10,130.75,182.5292022792023,133.65918803418805,103.16565379065378
2014-12-11,24.375,171.24679487179492,124.74252136752136,105.36208236208235
2014-12-12,13.875,56.33333333333337,117.16752136752136,100.9351343101343
2014-12-13,51.333333333333336,29.861111111111153,115.78974358974361,98.41727716727715
2014-12-14,102.45833333333333,55.888888888888935,64.55833333333335,105.66132478632478
2014-12-15,82.04166666666667,78.61111111111116,54.816666666666684,109.06410256410255
2014-12-16,11.25,65.25000000000004,52.191666666666684,59.44047619047618
2014-12-17,104.83333333333333,66.04166666666673,70.38333333333335,55.738095238095234
2014-12-18,173.16666666666666,96.41666666666673,94.75000000000001,76.9940476190476
2014-12-19,66.625,114.87500000000006,87.58333333333334,84.5297619047619
2014-12-20,9.933333333333334,83.24166666666673,73.16166666666666,78.61547619047617
2014-12-21,20.541666666666668,32.36666666666674,75.02000000000001,66.91309523809521
2014-12-22,98.95833333333333,43.144444444444524,73.845,69.32976190476187
2014-12-23,96.5,72.00000000000007,58.51166666666668,81.50833333333331
2014-12-24,14.416666666666666,69.95833333333341,48.070000000000014,68.59166666666664
2014-12-25,30.041666666666668,46.98611111111118,52.09166666666668,48.14523809523808
2014-12-26,173.16666666666666,72.54166666666674,82.61666666666669,63.365476190476166
2014-12-27,247.91666666666666,150.37500000000006,112.40833333333335,97.36309523809521
2014-12-28,196.41666666666666,205.8333333333334,132.39166666666668,122.48809523809521
2014-12-29,151.79166666666666,198.7083333333334,159.86666666666667,130.03571428571425
2014-12-30,38.625,128.94444444444454,161.58333333333334,121.76785714285711
2014-12-31,10.458333333333334,66.95833333333341,129.04166666666669,121.20238095238093
2015-01-01,54.583333333333336,34.55555555555565,90.37500000000004,124.70833333333333
2015-01-02,63.541666666666664,42.8611111111112,63.80000000000005,109.04761904761904
2015-01-03,209.25,109.1250000000001,75.29166666666671,103.52380952380952
2015-01-04,201.16666666666666,157.98611111111123,107.80000000000004,104.20238095238095
2015-01-05,90.875,167.09722222222234,123.88333333333337,95.5
2015-01-06,43.166666666666664,111.73611111111124,121.60000000000002,96.14880952380952
2015-01-07,73.66666666666667,69.23611111111124,123.62500000000003,105.17857142857142
2015-01-08,168.25,95.0277777777779,115.42500000000003,121.41666666666664
2015-01-09,99.79166666666667,113.9027777777779,95.15000000000002,126.59523809523807
2015-01-10,178.75,148.93055555555569,112.72500000000002,122.23809523809521
2015-01-11,34.708333333333336,104.41666666666679,111.03333333333337,98.45833333333333
2015-01-12,109.16666666666667,107.54166666666679,118.13333333333337,101.07142857142856
2015-01-13,194.54166666666666,112.80555555555566,123.3916666666667,122.69642857142856
2015-01-14,238.08333333333334,180.5972222222223,151.05000000000004,146.1845238095238
2015-01-15,374.82608695652175,269.1503623188407,190.2652173913044,175.6953933747412
2015-01-16,88.5,233.80314009661848,201.02355072463772,174.08229813664596
2015-01-17,72.33333333333333,178.55314009661848,193.65688405797107,158.879917184265
2015-01-18,78.04166666666667,79.62500000000011,170.35688405797106,165.0703933747412
2015-01-19,50.0,66.79166666666679,132.74021739130438,156.61801242236024
2015-01-20,89.0,72.34722222222234,75.57500000000005,141.5406314699793
2015-01-21,16.458333333333332,51.81944444444457,61.16666666666671,109.87991718426501
2015-01-22,122.29166666666667,75.9166666666668,71.15833333333339,73.80357142857143
2015-01-23,227.16666666666666,121.97222222222236,100.98333333333338,93.61309523809523
2015-01-24,80.04166666666667,143.16666666666683,106.99166666666672,94.7142857142857
2015-01-25,126.52173913043478,144.57669082125616,114.49601449275367,101.64001035196686
2015-01-26,88.0,98.18780193236728,128.804347826087,107.06858178053828
2015-01-27,20.916666666666668,78.47946859903395,108.52934782608699,97.3423913043478
2015-01-28,45.333333333333336,51.41666666666679,72.16268115942034,101.4673913043478
2015-01-29,58.625,41.62500000000012,67.87934782608701,92.37215320910971
2015-01-30,11.375,38.444444444444564,44.85000000000005,61.54477225672877
2015-01-31,39.76190476190476,36.58730158730171,35.202380952381006,55.79052055604849
2015-02-01,84.95833333333333,45.36507936507949,48.01071428571434,49.85289115646257
2015-02-02,152.70833333333334,92.4761904761906,69.48571428571435,59.09693877551019
2015-02-03,106.1304347826087,114.59903381642523,78.98680124223608,71.27033422064477
2015-02-04,10.916666666666666,89.91847826086969,78.89513457556941,66.35366755397811
2015-02-05,27.833333333333332,48.29347826086968,76.50942028985513,61.95485803016858
2015-02-06,73.54166666666667,37.43055555555567,74.22608695652181,70.83581041112096
2015-02-07,8.958333333333334,36.77777777777789,45.4760869565218,66.43530020703933
2015-02-08,29.208333333333332,37.23611111111122,30.091666666666733,58.47101449275362
2015-02-09,118.875,52.34722222222232,51.683333333333394,53.63768115942027
2015-02-10,131.375,93.15277777777789,72.39166666666674,57.2440476190476
2015-02-11,47.80952380952381,99.35317460317471,67.24523809523815,62.5144557823129
2015-02-12,35.5,71.56150793650805,72.55357142857149,63.609693877551
2015-02-13,147.82608695652175,77.04520358868196,96.27712215320918,74.22175391895887
2015-02-14,268.5,150.60869565217402,126.20212215320916,111.29913487133982
2015-02-15,285.0416666666667,233.78925120772956,156.9354554865425,147.84675391895888
2015-02-16,110.875,221.4722222222223,169.54855072463775,146.70389677610174
2015-02-17,27.458333333333332,141.1250000000001,167.94021739130443,131.8586586808636
2015-02-18,47.416666666666664,61.91666666666678,147.8583333333334,131.80253623188403
2015-02-19,192.7826086956522,89.21920289855085,132.71485507246385,154.2714803312629
2015-02-20,139.04166666666666,126.4136473429953,103.51485507246385,153.0165631469979
2015-02-21,147.375,159.73309178743975,110.81485507246384,135.71299171842648
2015-02-22,42.708333333333336,109.70833333333347,113.86485507246384,101.09394409937886
2015-02-23,57.416666666666664,82.50000000000014,115.86485507246384,93.45703933747409
2015-02-24,169.25,89.79166666666681,111.15833333333339,113.71299171842647
2015-02-25,61.958333333333336,96.20833333333348,95.74166666666675,115.79037267080743
2015-02-26,15.291666666666666,82.16666666666683,69.32500000000007,90.43452380952378
2015-02-27,26.833333333333332,34.694444444444606,66.15000000000008,74.4047619047619
2015-02-28,141.45833333333334,61.194444444444606,82.9583333333334,73.55952380952381
2015-03-01,39.625,69.30555555555573,57.0333333333334,73.11904761904762
2015-03-02,63.916666666666664,81.66666666666683,57.42500000000008,74.04761904761905
2015-03-03,7.75,37.09722222222238,55.91666666666674,50.97619047619048
2015-03-04,24.25,31.97222222222238,55.40000000000008,45.58928571428572
2015-03-05,112.29166666666667,48.09722222222239,49.56666666666675,59.44642857142858
2015-03-06,207.79166666666666,114.77777777777794,83.20000000000007,85.29761904761905
2015-03-07,228.04166666666666,182.70833333333348,116.02500000000009,97.66666666666666
2015-03-08,113.95833333333333,183.26388888888906,137.26666666666677,108.28571428571429
2015-03-09,7.541666666666667,116.51388888888907,133.9250000000001,100.23214285714286
2015-03-10,31.5,51.00000000000018,117.76666666666677,103.625
2015-03-11,46.291666666666664,28.444444444444624,85.46666666666677,106.77380952380952
2015-03-12,77.45833333333333,51.75000000000018,55.350000000000094,101.79761904761905
2015-03-13,69.16666666666667,64.30555555555573,46.391666666666765,81.99404761904762
2015-03-14,103.83333333333333,83.48611111111128,65.65000000000009,64.25000000000001
2015-03-15,118.125,97.04166666666684,82.9750000000001,64.84523809523812
2015-03-16,216.125,146.02777777777794,116.94166666666676,94.64285714285715
2015-03-17,194.79166666666666,176.34722222222237,140.40833333333342,117.9702380952381
2015-03-18,50.791666666666664,153.9027777777779,136.7333333333334,118.61309523809526
2015-03-19,92.58333333333333,112.72222222222236,134.4833333333334,120.77380952380953
2015-03-20,43.541666666666664,62.305555555555706,119.56666666666675,117.11309523809526
2015-03-21,18.608695652173914,51.57789855072479,80.06340579710152,104.9381469979296
2015-03-22,22.041666666666668,28.064009661835897,45.51340579710153,91.21195652173913
2015-03-23,36.458333333333336,25.702898550724786,42.64673913043486,65.54528985507247
2015-03-24,87.25,48.583333333333485,41.580072463768204,50.182194616977235
2015-03-25,120.5,81.40277777777793,56.97173913043487,60.14052795031056
2015-03-26,98.875,102.2083333333335,73.02500000000008,61.039337474120096
2015-03-27,84.85714285714286,101.41071428571445,85.5880952380953,66.94154835847384
2015-03-28,30.666666666666668,71.46626984127,84.42976190476199,68.66411564625851
2015-03-29,93.80952380952381,69.77777777777794,85.74166666666675,78.91666666666667
2015-03-30,154.66666666666666,93.0476190476192,92.57500000000007,95.80357142857143
2015-03-31,125.95833333333333,124.81150793650806,97.99166666666675,101.33333333333334
2015-04-01,53.875,111.50000000000013,91.79523809523816,91.81547619047619
2015-04-02,35.833333333333336,71.88888888888901,92.8285714285715,82.80952380952382
2015-04-03,31.166666666666668,40.29166666666679,80.30000000000007,75.13945578231292
2015-04-04,66.5,44.500000000000135,62.66666666666674,80.25850340136056
2015-04-05,56.416666666666664,51.361111111111235,48.75833333333342,74.91666666666666
2015-04-06,21.6875,48.20138888888902,42.32083333333342,55.919642857142854
2015-04-07,25.75,34.618055555555685,40.304166666666745,41.60416666666667
2015-04-08,102.625,50.020833333333464,54.5958333333334,48.56845238095239
2015-04-09,166.75,98.37500000000013,74.6458333333334,67.27083333333334
2015-04-10,157.58333333333334,142.31944444444457,94.87916666666673,85.33035714285715
2015-04-11,150.25,158.19444444444457,120.59166666666674,97.29464285714288
2015-04-12,17.458333333333332,108.43055555555567,118.93333333333342,91.7291666666667
2015-04-13,36.791666666666664,68.16666666666679,105.76666666666674,93.88690476190479
2015-04-14,64.45833333333333,39.56944444444457,85.30833333333342,99.4166666666667
2015-04-15,156.91666666666666,86.05555555555567,85.17500000000007,107.17261904761907
2015-04-16,36.391304347826086,85.92210144927547,62.40326086956528,88.54994824016566
2015-04-17,79.54166666666667,90.94987922705326,74.81992753623196,77.40113871635613
2015-04-18,138.5,84.81099033816437,95.16159420289861,75.7225672877847
2015-04-19,61.041666666666664,93.0277777777779,94.47826086956528,81.94875776397517
2015-04-20,74.70833333333333,91.41666666666679,78.03659420289861,87.36542443064184
2015-04-21,61.5,65.75000000000011,83.05833333333341,86.94280538302279
2015-04-22,53.708333333333336,63.30555555555568,77.89166666666674,72.19875776397518
2015-04-23,57.208333333333336,57.47222222222234,61.6333333333334,75.17261904761907
2015-04-24,62.375,57.76388888888901,61.900000000000055,72.72023809523812
2015-04-25,89.91666666666667,69.83333333333346,64.94166666666673,65.77976190476193
2015-04-26,109.16666666666667,87.1527777777779,74.47500000000007,72.65476190476191
2015-04-27,91.41666666666667,96.83333333333347,82.01666666666674,75.04166666666667
2015-04-28,49.958333333333336,83.51388888888901,80.56666666666675,73.39285714285715
2015-04-29,118.45833333333333,86.61111111111121,91.78333333333342,82.64285714285715
2015-04-30,116.875,95.09722222222233,97.17500000000008,91.16666666666667
2015-05-01,120.79166666666667,118.70833333333344,99.50000000000009,99.51190476190477
2015-05-02,45.125,94.26388888888901,90.24166666666676,93.11309523809526
2015-05-03,48.125,71.34722222222234,89.87500000000009,84.39285714285715
2015-05-04,25.083333333333332,39.444444444444564,71.20000000000009,74.9166666666667
2015-05-05,49.833333333333336,41.01388888888901,57.79166666666676,74.89880952380955
2015-05-06,25.083333333333332,33.33333333333346,38.65000000000008,61.559523809523846
2015-05-07,50.416666666666664,41.7777777777779,39.708333333333414,52.065476190476225
2015-05-08,55.833333333333336,43.77777777777789,41.25000000000008,42.78571428571432
2015-05-09,37.523809523809526,47.924603174603284,43.73809523809531,41.69982993197282
2015-05-10,42.875,45.4107142857144,42.34642857142865,40.94982993197282
2015-05-11,27.434782608695652,35.944530710835174,42.81671842650111,41.28575125702458
2015-05-12,33.833333333333336,34.71437198067645,39.50005175983445,39.000036971310294
2015-05-13,74.375,45.21437198067645,43.20838509316778,46.041703637976966
2015-05-14,20.625,42.944444444444564,39.82862318840587,41.78575125702458
2015-05-15,32.25,42.41666666666678,37.70362318840587,38.416703637976966
2015-05-16,50.416666666666664,34.430555555555664,42.300000000000075,40.25854037267084
2015-05-17,133.375,72.013888888889,62.20833333333341,53.187111801242274
2015-05-18,59.666666666666664,81.15277777777789,59.266666666666744,57.79166666666671
2015-05-19,12.666666666666666,68.56944444444456,57.67500000000008,54.76785714285719
2015-05-20,15.75,29.361111111111228,54.37500000000008,46.39285714285719
2015-05-21,36.791666666666664,21.736111111111228,51.65000000000008,48.702380952381006
2015-05-22,63.5,38.68055555555567,37.67500000000008,53.16666666666672
2015-05-23,98.16666666666667,66.1527777777779,45.375000000000085,59.98809523809529
2015-05-24,114.875,92.18055555555567,65.81666666666675,57.34523809523814
2015-05-25,96.25,103.09722222222234,81.91666666666676,62.57142857142861
2015-05-26,83.16666666666667,98.09722222222234,91.19166666666675,72.64285714285718
2015-05-27,99.91666666666667,93.11111111111124,98.4750000000001,84.66666666666671
2015-05-28,108.5,97.19444444444457,100.54166666666676,94.91071428571433
2015-05-29,71.33333333333333,93.25000000000011,91.83333333333341,96.02976190476195
2015-05-30,66.79166666666667,82.20833333333344,85.94166666666675,91.54761904761911
2015-05-31,59.416666666666664,65.84722222222234,81.19166666666675,83.62500000000004
2015-06-01,105.25,77.1527777777779,82.25833333333341,84.91071428571433
2015-06-02,36.583333333333336,67.08333333333344,67.87500000000007,78.25595238095244
2015-06-03,35.166666666666664,59.000000000000114,60.641666666666744,69.00595238095244
2015-06-04,47.375,39.70833333333345,56.758333333333404,60.27380952380957
2015-06-05,49.083333333333336,43.875000000000114,54.691666666666734,57.09523809523814
2015-06-06,22.833333333333332,39.76388888888901,38.20833333333339,50.815476190476225
2015-06-07,16.125,29.347222222222342,34.116666666666724,44.630952380952415
2015-06-08,19.416666666666668,19.458333333333453,30.966666666666725,32.369047619047656
2015-06-09,53.166666666666664,29.569444444444567,32.12500000000006,34.738095238095276
2015-06-10,75.41666666666667,49.33333333333346,37.39166666666672,40.488095238095276
2015-06-11,22.166666666666668,50.25000000000012,37.25833333333339,36.8869047619048
2015-06-12,6.625,34.736111111111235,35.35833333333339,30.82142857142861
2015-06-13,15.80952380952381,14.867063492063616,34.63690476190482,29.81802721088439
2015-06-14,19.166666666666668,13.867063492063616,27.836904761904822,30.252551020408198
2015-06-15,83.30434782608695,39.42684610075927,29.41444099378888,39.37936261461109
2015-06-16,94.375,65.61533816425134,43.85610766045555,45.26626737651585
2015-06-17,37.625,71.76811594202913,50.05610766045554,39.86745785270632
2015-06-18,19.541666666666668,50.51388888888903,50.80253623188412,39.49245785270632
2015-06-19,22.041666666666668,26.402777777777914,51.37753623188412,41.69483880508728
2015-06-20,24.375,21.986111111111246,39.59166666666673,42.9184782608696
2015-06-21,42.791666666666664,29.736111111111242,29.275000000000063,46.2934782608696
2015-06-22,82.58333333333333,49.9166666666668,38.26666666666673,46.19047619047622
2015-06-23,157.66666666666666,94.34722222222236,65.89166666666674,55.23214285714289
2015-06-24,89.08333333333333,109.7777777777779,79.30000000000005,62.583333333333364
2015-06-25,95.83333333333333,114.19444444444457,93.59166666666673,73.48214285714289
2015-06-26,76.0,86.97222222222236,100.23333333333338,81.19047619047623
2015-06-27,72.79166666666667,81.54166666666681,98.27500000000006,88.10714285714289
2015-06-28,117.58333333333333,88.79166666666681,90.2583333333334,98.79166666666671
2015-06-29,88.33333333333333,92.90277777777793,90.1083333333334,99.61309523809528
2015-06-30,12.791666666666666,72.90277777777793,73.50000000000009,78.91666666666671
2015-07-01,17.375,39.50000000000015,61.77500000000008,68.6726190476191
2015-07-02,8.375,12.84722222222237,48.891666666666744,56.17857142857148
2015-07-03,25.166666666666668,16.972222222222374,30.408333333333417,48.91666666666672
2015-07-04,32.26086956521739,21.934178743961507,19.193840579710226,43.1265527950311
2015-07-05,54.625,37.350845410628175,27.560507246376897,34.13250517598349
2015-07-06,57.875,48.25362318840595,35.660507246376895,29.78131469979301
2015-07-07,57.75,56.75000000000015,45.535507246376895,36.20393374741206
2015-07-08,99.875,71.83333333333348,60.47717391304356,47.98964803312635
2015-07-09,59.083333333333336,72.23611111111126,65.84166666666674,55.23369565217397
2015-07-10,43.833333333333336,67.59722222222236,63.68333333333341,57.90036231884063
2015-07-11,85.83333333333333,62.9166666666668,69.27500000000006,65.55357142857147
2015-07-12,91.58333333333333,73.75000000000013,76.04166666666673,70.83333333333339
2015-07-13,43.541666666666664,73.6527777777779,64.77500000000006,68.78571428571433
2015-07-14,32.95652173913044,56.02717391304359,59.549637681159496,65.24378881987582
2015-07-15,35.75,37.41606280193248,57.93297101449283,56.08307453416153
2015-07-16,37.291666666666664,35.332729468599155,48.22463768115951,52.9699792960663
2015-07-17,35.958333333333336,36.33333333333346,37.09963768115951,51.8449792960663
2015-07-18,42.833333333333336,38.69444444444457,36.95797101449284,45.70212215320915
2015-07-19,69.79166666666667,49.527777777777914,44.32500000000009,42.58902691511393
2015-07-20,83.04166666666667,65.22222222222236,53.78333333333343,48.231884057971065
2015-07-21,107.91666666666667,86.9166666666668,67.90833333333343,58.94047619047625
2015-07-22,53.208333333333336,81.38888888888901,71.35833333333343,61.43452380952386
2015-07-23,43.416666666666664,68.18055555555567,71.47500000000011,62.30952380952386
2015-07-24,52.041666666666664,49.55555555555568,67.9250000000001,64.60714285714292
2015-07-25,80.91666666666667,58.79166666666679,67.5000000000001,70.04761904761911
2015-07-26,102.83333333333333,78.59722222222236,66.48333333333343,74.76785714285721
2015-07-27,57.0,80.25000000000014,67.24166666666676,71.04761904761911
2015-07-28,50.666666666666664,70.1666666666668,68.69166666666676,62.869047619047684
2015-07-29,81.125,62.93055555555569,74.50833333333343,66.85714285714292
2015-07-30,37.875,56.55555555555569,65.90000000000009,66.06547619047625
2015-07-31,23.916666666666668,47.63888888888903,50.11666666666677,62.0476190476191
2015-08-01,72.45833333333333,44.750000000000135,53.20833333333343,60.839285714285765
2015-08-02,65.375,53.9166666666668,56.15000000000009,55.48809523809529
2015-08-03,60.583333333333336,66.13888888888903,52.04166666666676,56.00000000000005
2015-08-04,20.916666666666668,48.958333333333464,48.65000000000009,51.75000000000005
2015-08-05,71.0,50.833333333333464,58.066666666666755,50.30357142857148
2015-08-06,57.541666666666664,49.81944444444457,55.08333333333343,53.11309523809529
2015-08-07,82.33333333333333,70.29166666666679,58.475000000000094,61.45833333333338
2015-08-08,45.75,61.875000000000114,55.508333333333425,57.64285714285719
2015-08-09,54.333333333333336,60.80555555555568,62.191666666666755,56.06547619047624
2015-08-10,45.625,48.56944444444457,57.11666666666675,53.92857142857148
2015-08-11,87.04166666666667,62.333333333333464,63.01666666666675,63.37500000000005
2015-08-12,83.125,71.93055555555569,63.17500000000009,65.1071428571429
2015-08-13,109.125,93.09722222222236,75.8500000000001,72.47619047619052
2015-08-14,58.458333333333336,83.56944444444457,76.6750000000001,69.06547619047623
2015-08-15,22.583333333333332,63.38888888888901,72.06666666666675,65.75595238095242
2015-08-16,40.958333333333336,40.66666666666679,62.85000000000008,63.84523809523814
2015-08-17,73.20833333333333,45.58333333333346,60.866666666666745,67.78571428571433
2015-08-18,45.04347826086956,53.070048309178866,48.050362318840655,61.78597308488618
2015-08-19,54.0,57.41727053140108,47.15869565217399,57.625258799171895
2015-08-20,30.25,43.09782608695664,48.69202898550732,46.35740165631476
2015-08-21,14.583333333333334,32.944444444444564,43.41702898550732,40.08954451345761
2015-08-22,18.541666666666668,21.125000000000117,32.48369565217399,39.51216356107666
2015-08-23,18.916666666666668,17.347222222222342,27.25833333333341,36.36335403726714
2015-08-24,15.25,17.569444444444564,19.50833333333341,28.083592132505235
2015-08-25,15.458333333333334,16.541666666666785,16.550000000000075,23.857142857142918
2015-08-26,10.791666666666666,13.833333333333451,15.791666666666746,17.68452380952387
2015-08-27,12.458333333333334,12.902777777777898,14.575000000000077,15.142857142857205
2015-08-28,15.416666666666666,12.888888888889007,13.875000000000076,15.261904761904825
2015-08-29,26.958333333333332,18.277777777777896,16.216666666666743,16.464285714285776
2015-08-30,27.791666666666668,23.38888888888901,18.68333333333341,17.73214285714292
2015-08-31,28.208333333333332,27.652777777777896,22.166666666666742,19.583333333333396
2015-09-01,10.916666666666666,22.305555555555674,21.858333333333412,18.93452380952387
2015-09-02,8.583333333333334,15.902777777777894,20.49166666666674,18.61904761904768
2015-09-03,15.333333333333334,11.611111111111228,18.166666666666742,19.029761904761965
2015-09-04,49.791666666666664,24.569444444444557,22.56666666666674,23.940476190476254
2015-09-05,20.583333333333332,28.569444444444557,21.04166666666674,23.029761904761965
2015-09-06,17.166666666666668,29.18055555555567,22.29166666666674,21.511904761904823
2015-09-07,27.041666666666668,21.597222222222342,25.983333333333405,21.345238095238155
2015-09-08,60.166666666666664,34.791666666666785,34.95000000000007,28.38095238095244
2015-09-09,35.791666666666664,41.00000000000012,32.15000000000007,32.2678571428572
2015-09-10,8.833333333333334,34.93055555555567,29.800000000000068,31.339285714285772
2015-09-11,9.0,17.875000000000117,28.166666666666735,25.51190476190482
2015-09-12,7.625,8.486111111111228,24.283333333333402,23.66071428571434
2015-09-13,18.958333333333332,11.861111111111226,16.041666666666735,23.916666666666725
2015-09-14,58.59090909090909,28.39141414141426,20.601515151515223,28.42370129870136
2015-09-15,105.875,61.14141414141426,40.009848484848554,34.953463203463265
2015-09-16,127.16666666666667,97.21085858585872,63.643181818181894,48.00703463203469
2015-09-17,138.75,123.9305555555557,89.8681818181819,66.5665584415585
2015-09-18,73.04166666666667,112.98611111111126,100.68484848484856,75.71536796536803
2015-09-19,19.041666666666668,76.94444444444458,92.77500000000006,77.34632034632041
2015-09-20,80.29166666666667,57.458333333333485,87.65833333333339,86.10822510822516
2015-09-21,79.70833333333333,59.68055555555569,78.16666666666673,89.12500000000004
2015-09-22,115.875,91.95833333333347,73.59166666666673,90.55357142857147
2015-09-23,28.666666666666668,74.75000000000013,64.71666666666673,76.4821428571429
2015-09-24,89.875,78.13888888888903,78.8833333333334,69.50000000000004
2015-09-25,19.82608695652174,46.12258454106294,66.79021739130441,61.8977743271222
2015-09-26,27.625,45.77536231884073,56.373550724637745,63.123964803312674
2015-09-27,45.833333333333336,31.094806763285174,42.365217391304405,58.20134575569362
2015-09-28,47.666666666666664,40.37500000000015,46.16521739130441,53.623964803312674
2015-09-29,41.5,45.00000000000015,36.49021739130442,42.998964803312674
2015-09-30,23.375,37.513888888889035,37.20000000000007,42.24301242236029
2015-10-01,14.666666666666666,26.51388888888904,34.6083333333334,31.498964803312674
2015-10-02,23.083333333333332,20.375000000000146,30.0583333333334,31.964285714285758
2015-10-03,23.083333333333332,20.277777777777924,25.141666666666737,31.315476190476236
2015-10-04,109.70833333333333,51.95833333333348,38.7833333333334,40.44047619047624
2015-10-05,202.5,111.76388888888904,74.6083333333334,62.55952380952385
2015-10-06,267.7083333333333,193.30555555555569,125.21666666666674,94.87500000000003
2015-10-07,219.95833333333334,230.05555555555569,164.59166666666675,122.95833333333337
2015-10-08,8.958333333333334,165.54166666666683,161.76666666666674,122.1428571428572
2015-10-09,25.333333333333332,84.75000000000017,144.89166666666674,122.46428571428577
2015-10-10,6.333333333333333,13.541666666666828,105.65833333333342,120.07142857142863
2015-10-11,7.041666666666667,12.902777777777937,53.52500000000008,105.40476190476194
2015-10-12,13.708333333333334,9.027777777777938,12.275000000000073,78.43452380952385
2015-10-13,40.458333333333336,20.40277777777794,18.575000000000077,45.970238095238145
2015-10-14,115.5,56.55555555555572,36.60833333333341,31.047619047619097
2015-10-15,112.58333333333333,89.51388888888907,57.85833333333342,45.85119047619053
2015-10-16,214.5,147.52777777777797,99.35000000000008,72.87500000000006
2015-10-17,302.6666666666667,209.91666666666686,157.14166666666674,115.20833333333339
2015-10-18,51.25,189.4722222222224,159.30000000000007,121.52380952380959
2015-10-19,63.5,139.13888888888906,148.90000000000006,128.63690476190482
2015-10-20,75.16666666666667,63.305555555555735,141.4166666666667,133.59523809523813
2015-10-21,52.125,63.5972222222224,108.94166666666672,124.54166666666671
2015-10-22,29.916666666666668,52.40277777777795,54.39166666666671,112.73214285714289
2015-10-23,51.625,44.555555555555735,54.46666666666671,89.46428571428575
2015-10-24,51.083333333333336,44.20833333333351,51.98333333333337,53.52380952380956
2015-10-25,30.291666666666668,44.33333333333351,43.00833333333337,50.52976190476194
2015-10-26,30.583333333333332,37.31944444444463,38.70000000000004,45.827380952380985
2015-10-27,14.708333333333334,25.194444444444628,35.658333333333374,37.19047619047622
2015-10-28,7.75,17.68055555555574,26.883333333333375,30.851190476190506
2015-10-29,9.166666666666666,10.541666666666847,18.50000000000004,27.88690476190479
2015-10-30,25.666666666666668,14.194444444444626,17.57500000000004,24.178571428571455
2015-10-31,45.5,26.77777777777796,20.558333333333373,23.380952380952408
2015-11-01,75.5,48.88888888888908,32.716666666666704,29.839285714285744
2015-11-02,90.79166666666667,70.59722222222241,49.32500000000003,38.44047619047622
2015-11-03,165.29166666666666,110.52777777777796,80.55000000000004,59.952380952380985
2015-11-04,207.58333333333334,154.55555555555574,116.93333333333337,88.50000000000003
2015-11-05,102.79166666666667,158.5555555555557,128.3916666666667,101.87500000000003
2015-11-06,17.25,109.20833333333348,116.7416666666667,100.67261904761908
2015-11-07,15.333333333333334,45.12500000000014,101.65000000000003,96.36309523809528
2015-11-08,54.416666666666664,29.00000000000014,79.47500000000005,93.35119047619051
2015-11-09,144.20833333333334,71.31944444444458,66.80000000000004,100.9821428571429
2015-11-10,136.125,111.58333333333348,73.46666666666671,96.81547619047625
2015-11-11,117.70833333333333,132.68055555555569,93.55833333333337,83.97619047619052
2015-11-12,165.58333333333334,139.80555555555569,123.60833333333338,92.94642857142864
2015-11-13,206.66666666666666,163.31944444444457,154.05833333333337,120.00595238095244
2015-11-14,259.2916666666667,210.51388888888903,177.07500000000002,154.85714285714292
2015-11-15,202.08333333333334,222.68055555555569,190.2666666666667,175.952380952381
2015-11-16,56.708333333333336,172.6944444444446,178.0666666666667,163.452380952381
2015-11-17,55.125,104.63888888888904,155.97500000000002,151.88095238095244
2015-11-18,62.083333333333336,57.97222222222237,127.05833333333337,143.93452380952382
2015-11-19,82.75,66.65277777777791,91.75000000000003,132.1011904761905
2015-11-20,68.54166666666667,71.12500000000013,65.0416666666667,112.36904761904766
2015-11-21,47.791666666666664,66.36111111111124,63.25833333333337,82.15476190476193
2015-11-22,50.375,55.56944444444458,62.30833333333337,60.482142857142875
2015-11-23,25.625,41.26388888888902,55.01666666666671,56.041666666666686
2015-11-24,31.416666666666668,35.80555555555569,44.75000000000004,52.654761904761926
2015-11-25,49.708333333333336,35.58333333333348,40.98333333333337,50.88690476190478
2015-11-26,36.083333333333336,39.06944444444459,38.64166666666671,44.220238095238116
2015-11-27,251.375,112.38888888888903,78.84166666666671,70.33928571428572
2015-11-28,300.5416666666667,196.0000000000001,133.82500000000005,106.44642857142858
2015-11-29,253.16666666666666,268.3611111111112,178.17500000000004,135.41666666666669
2015-11-30,412.75,322.1527777777778,250.7833333333334,190.7202380952381
2015-12-01,464.375,376.7638888888889,336.4416666666667,252.57142857142858
2015-12-02,6.75,294.62500000000006,287.51666666666677,246.43452380952382
2015-12-03,9.541666666666666,160.22222222222226,229.31666666666675,242.64285714285717
2015-12-04,29.375,15.222222222222248,184.55833333333342,210.92857142857147
2015-12-05,40.541666666666664,26.486111111111132,110.11666666666675,173.7857142857143
2015-12-06,159.82608695652175,76.58091787439616,49.206884057971095,160.4513457556936
2015-12-07,183.2608695652174,127.87620772946862,84.50905797101457,127.66718426501039
2015-12-08,275.5,206.1956521739131,137.70072463768125,100.68504140786753
2015-12-09,266.6363636363636,241.79907773386037,185.15299736495396,137.81166478449092
2015-12-10,96.875,213.0037878787879,196.41966403162064,150.2878552606814
2015-12-11,44.833333333333336,136.11489898989905,173.42111330698293,152.4961885940147
2015-12-12,159.04166666666666,100.25000000000004,168.57727272727283,169.42476002258613
2015-12-13,188.125,130.6666666666667,151.1022727272728,173.46746188594017
2015-12-14,144.375,163.84722222222226,126.65000000000006,167.91233766233768
2015-12-15,6.083333333333333,112.86111111111116,108.49166666666675,129.42424242424244
2015-12-16,7.3478260869565215,52.602053140096665,100.99456521739138,92.38302277432713
2015-12-17,65.0952380952381,26.175465838509364,82.20527950310569,87.84305678793257
2015-12-18,74.29166666666667,48.91157694962047,59.43861283643902,92.05139012126588
2015-12-19,168.64285714285714,102.67658730158735,64.29218426501045,93.42298876072167
2015-12-20,238.20833333333334,160.38095238095244,110.71718426501045,100.57775066548358
2015-12-21,241.125,215.99206349206358,157.47261904761916,114.39917923691215
2015-12-22,336.9583333333333,272.09722222222234,211.84523809523822,161.6670363797693
2015-12-23,254.54166666666666,277.5416666666668,247.8952380952382,196.98044217687078
2015-12-24,100.41666666666667,230.638888888889,234.25000000000014,202.02636054421774
2015-12-25,537.25,297.4027777777779,294.0583333333335,268.16326530612247
2015-12-26,254.33333333333334,297.3333333333334,296.70000000000016,280.404761904762
2015-12-27,56.208333333333336,282.59722222222234,240.55000000000013,254.40476190476195
2015-12-28,112.41666666666667,140.98611111111123,212.12500000000014,236.0178571428572
2015-12-29,331.875,166.83333333333346,258.4166666666668,235.29166666666674
2015-12-30,101.75,182.013888888889,171.31666666666678,213.46428571428578
2015-12-31,70.875,168.16666666666677,134.6250000000001,209.24404761904768
